<?xml version="1.0" encoding="UTF-8"?>
<GenRun Id="impl_1" LaunchPart="xc7z020clg484-1" LaunchTime="1641519046">
  <File Type="ROUTE-PWR" Name="gcd_power_routed.rpt"/>
  <File Type="PA-TCL" Name="gcd.tcl"/>
  <File Type="BITSTR-MMI" Name="gcd.mmi"/>
  <File Type="OPT-METHODOLOGY-DRC" Name="gcd_methodology_drc_opted.rpt"/>
  <File Type="INIT-TIMING" Name="gcd_timing_summary_init.rpt"/>
  <File Type="ROUTE-PWR-SUM" Name="gcd_power_summary_routed.pb"/>
  <File Type="REPORTS-TCL" Name="gcd_reports.tcl"/>
  <File Type="OPT-TIMING" Name="gcd_timing_summary_opted.rpt"/>
  <File Type="OPT-DCP" Name="gcd_opt.dcp"/>
  <File Type="OPT-DRC" Name="gcd_drc_opted.rpt"/>
  <File Type="OPT-HWDEF" Name="gcd.hwdef"/>
  <File Type="PWROPT-DCP" Name="gcd_pwropt.dcp"/>
  <File Type="PWROPT-DRC" Name="gcd_drc_pwropted.rpt"/>
  <File Type="PWROPT-TIMING" Name="gcd_timing_summary_pwropted.rpt"/>
  <File Type="PLACE-DCP" Name="gcd_placed.dcp"/>
  <File Type="PLACE-IO" Name="gcd_io_placed.rpt"/>
  <File Type="PLACE-CLK" Name="gcd_clock_utilization_placed.rpt"/>
  <File Type="PLACE-UTIL" Name="gcd_utilization_placed.rpt"/>
  <File Type="PLACE-UTIL-PB" Name="gcd_utilization_placed.pb"/>
  <File Type="PLACE-CTRL" Name="gcd_control_sets_placed.rpt"/>
  <File Type="PLACE-SIMILARITY" Name="gcd_incremental_reuse_placed.rpt"/>
  <File Type="PLACE-PRE-SIMILARITY" Name="gcd_incremental_reuse_pre_placed.rpt"/>
  <File Type="BG-BIN" Name="gcd.bin"/>
  <File Type="PLACE-TIMING" Name="gcd_timing_summary_placed.rpt"/>
  <File Type="POSTPLACE-PWROPT-DCP" Name="gcd_postplace_pwropt.dcp"/>
  <File Type="BITSTR-MSK" Name="gcd.msk"/>
  <File Type="POSTPLACE-PWROPT-TIMING" Name="gcd_timing_summary_postplace_pwropted.rpt"/>
  <File Type="PHYSOPT-DCP" Name="gcd_physopt.dcp"/>
  <File Type="PHYSOPT-DRC" Name="gcd_drc_physopted.rpt"/>
  <File Type="BITSTR-RBT" Name="gcd.rbt"/>
  <File Type="PHYSOPT-TIMING" Name="gcd_timing_summary_physopted.rpt"/>
  <File Type="ROUTE-ERROR-DCP" Name="gcd_routed_error.dcp"/>
  <File Type="ROUTE-DCP" Name="gcd_routed.dcp"/>
  <File Type="ROUTE-BLACKBOX-DCP" Name="gcd_routed_bb.dcp"/>
  <File Type="ROUTE-DRC" Name="gcd_drc_routed.rpt"/>
  <File Type="ROUTE-DRC-PB" Name="gcd_drc_routed.pb"/>
  <File Type="ROUTE-DRC-RPX" Name="gcd_drc_routed.rpx"/>
  <File Type="ROUTE-METHODOLOGY-DRC" Name="gcd_methodology_drc_routed.rpt"/>
  <File Type="ROUTE-METHODOLOGY-DRC-RPX" Name="gcd_methodology_drc_routed.rpx"/>
  <File Type="ROUTE-METHODOLOGY-DRC-PB" Name="gcd_methodology_drc_routed.pb"/>
  <File Type="ROUTE-PWR-RPX" Name="gcd_power_routed.rpx"/>
  <File Type="ROUTE-STATUS" Name="gcd_route_status.rpt"/>
  <File Type="ROUTE-STATUS-PB" Name="gcd_route_status.pb"/>
  <File Type="ROUTE-TIMINGSUMMARY" Name="gcd_timing_summary_routed.rpt"/>
  <File Type="ROUTE-TIMING-PB" Name="gcd_timing_summary_routed.pb"/>
  <File Type="ROUTE-TIMING-RPX" Name="gcd_timing_summary_routed.rpx"/>
  <File Type="ROUTE-SIMILARITY" Name="gcd_incremental_reuse_routed.rpt"/>
  <File Type="ROUTE-CLK" Name="gcd_clock_utilization_routed.rpt"/>
  <File Type="ROUTE-BUS-SKEW" Name="gcd_bus_skew_routed.rpt"/>
  <File Type="ROUTE-BUS-SKEW-PB" Name="gcd_bus_skew_routed.pb"/>
  <File Type="ROUTE-BUS-SKEW-RPX" Name="gcd_bus_skew_routed.rpx"/>
  <File Type="POSTROUTE-PHYSOPT-DCP" Name="gcd_postroute_physopt.dcp"/>
  <File Type="POSTROUTE-PHYSOPT-BLACKBOX-DCP" Name="gcd_postroute_physopt_bb.dcp"/>
  <File Type="POSTROUTE-PHYSOPT-TIMING" Name="gcd_timing_summary_postroute_physopted.rpt"/>
  <File Type="POSTROUTE-PHYSOPT-TIMING-PB" Name="gcd_timing_summary_postroute_physopted.pb"/>
  <File Type="POSTROUTE-PHYSOPT-TIMING-RPX" Name="gcd_timing_summary_postroute_physopted.rpx"/>
  <File Type="POSTROUTE-PHYSOPT-BUS-SKEW" Name="gcd_bus_skew_postroute_physopted.rpt"/>
  <File Type="BG-BIT" Name="gcd.bit"/>
  <File Type="POSTROUTE-PHYSOPT-BUS-SKEW-PB" Name="gcd_bus_skew_postroute_physopted.pb"/>
  <File Type="POSTROUTE-PHYSOPT-BUS-SKEW-RPX" Name="gcd_bus_skew_postroute_physopted.rpx"/>
  <File Type="BITSTR-NKY" Name="gcd.nky"/>
  <File Type="BITSTR-BMM" Name="gcd_bd.bmm"/>
  <File Type="PDI-FILE" Name="gcd.pdi"/>
  <File Type="RCFI_FILE" Name="gcd.rcfi"/>
  <File Type="CFI_FILE" Name="gcd.cfi"/>
  <File Type="RNPI_FILE" Name="gcd.rnpi"/>
  <File Type="NPI_FILE" Name="gcd.npi"/>
  <File Type="RBD_FILE" Name="gcd.rbd"/>
  <File Type="BITSTR-LTX" Name="debug_nets.ltx"/>
  <File Type="BITSTR-LTX" Name="gcd.ltx"/>
  <File Type="BITSTR-SYSDEF" Name="gcd.sysdef"/>
  <File Type="BG-BGN" Name="gcd.bgn"/>
  <File Type="BG-DRC" Name="gcd.drc"/>
  <File Type="RDI-RDI" Name="gcd.vdi"/>
  <File Type="WBT-USG" Name="usage_statistics_webtalk.html"/>
  <FileSet Name="sources" Type="DesignSrcs" RelSrcDir="$PSRCDIR/sources_1" RelGenDir="$PGENDIR/sources_1">
    <Filter Type="Srcs"/>
    <File Path="$PSRCDIR/sources_1/new/control.v">
      <FileInfo>
        <Attr Name="UsedIn" Val="synthesis"/>
        <Attr Name="UsedIn" Val="implementation"/>
        <Attr Name="UsedIn" Val="simulation"/>
      </FileInfo>
    </File>
    <File Path="$PSRCDIR/sources_1/new/datapath.v">
      <FileInfo>
        <Attr Name="UsedIn" Val="synthesis"/>
        <Attr Name="UsedIn" Val="implementation"/>
        <Attr Name="UsedIn" Val="simulation"/>
      </FileInfo>
    </File>
    <File Path="$PSRCDIR/sources_1/new/memory.v">
      <FileInfo>
        <Attr Name="UsedIn" Val="synthesis"/>
        <Attr Name="UsedIn" Val="implementation"/>
        <Attr Name="UsedIn" Val="simulation"/>
      </FileInfo>
    </File>
    <File Path="$PSRCDIR/sources_1/new/sort.v">
      <FileInfo>
        <Attr Name="UsedIn" Val="synthesis"/>
        <Attr Name="UsedIn" Val="implementation"/>
        <Attr Name="UsedIn" Val="simulation"/>
      </FileInfo>
    </File>
    <File Path="$PSRCDIR/sources_1/new/gcd.v">
      <FileInfo>
        <Attr Name="UsedIn" Val="synthesis"/>
        <Attr Name="UsedIn" Val="implementation"/>
        <Attr Name="UsedIn" Val="simulation"/>
      </FileInfo>
    </File>
    <Config>
      <Option Name="DesignMode" Val="RTL"/>
      <Option Name="TopModule" Val="gcd"/>
    </Config>
  </FileSet>
  <FileSet Name="constrs_in" Type="Constrs" RelSrcDir="$PSRCDIR/constrs_1">
    <Filter Type="Constrs"/>
    <File Path="$PSRCDIR/constrs_1/new/time.xdc">
      <FileInfo>
        <Attr Name="UsedIn" Val="synthesis"/>
        <Attr Name="UsedIn" Val="implementation"/>
      </FileInfo>
    </File>
    <Config>
      <Option Name="TargetConstrsFile" Val="$PSRCDIR/constrs_1/new/time.xdc"/>
      <Option Name="ConstrsType" Val="XDC"/>
    </Config>
  </FileSet>
  <FileSet Name="utils" Type="Utils" RelSrcDir="$PSRCDIR/utils_1">
    <Filter Type="Utils"/>
    <Config>
      <Option Name="TopAutoSet" Val="TRUE"/>
    </Config>
  </FileSet>
  <Strategy Version="1" Minor="2">
    <StratHandle Name="Vivado Implementation Defaults" Flow="Vivado Implementation 2021"/>
    <Step Id="init_design"/>
    <Step Id="opt_design"/>
    <Step Id="power_opt_design"/>
    <Step Id="place_design"/>
    <Step Id="post_place_power_opt_design"/>
    <Step Id="phys_opt_design"/>
    <Step Id="route_design"/>
    <Step Id="post_route_phys_opt_design"/>
    <Step Id="write_bitstream"/>
  </Strategy>
</GenRun>
